{"cameraMode":{"drawMode":0,"name":"Shaded","section":"Shading Mode"},"sceneLighting":true,"audioPlay":false,"sceneViewState":{"showFog":true,"showMaterialUpdate":false,"showSkybox":true,"showFlares":true,"showImageEffects":true,"showParticleSystems":true},"in2DMode":false,"pivot":{"x":-0.03349624201655388,"y":0.13191166520118714,"z":0.0046738386154174809},"rotation":{"x":-0.0003801622660830617,"y":0.9995006918907166,"z":-0.02880326844751835,"w":-0.013193660415709019},"size":0.585788369178772,"orthographic":false}