{"cameraMode":{"drawMode":0,"name":"Shaded","section":"Shading Mode"},"sceneLighting":false,"audioPlay":false,"sceneViewState":{"showFog":true,"showMaterialUpdate":false,"showSkybox":false,"showFlares":true,"showImageEffects":true,"showParticleSystems":true},"in2DMode":false,"pivot":{"x":0.03785340487957001,"y":0.19068345427513123,"z":-0.06730261445045471},"rotation":{"x":0.0029466962441802027,"y":0.996557891368866,"z":-0.07218673080205918,"w":0.0406828410923481},"size":0.285788357257843,"orthographic":false}